{"cameraMode":{"drawMode":0,"name":"Shaded","section":"Shading Mode"},"sceneLighting":true,"audioPlay":false,"sceneViewState":{"showFog":true,"showMaterialUpdate":false,"showSkybox":true,"showFlares":true,"showImageEffects":true,"showParticleSystems":true},"in2DMode":false,"pivot":{"x":248.49560546875,"y":-18.202577590942384,"z":219.50860595703126},"rotation":{"x":0.3971624970436096,"y":-0.5988708734512329,"z":0.53421550989151,"w":0.44523119926452639},"size":13.342097282409668,"orthographic":false}