{"cameraMode":{"drawMode":0,"name":"Shaded","section":"Shading Mode"},"sceneLighting":true,"audioPlay":false,"sceneViewState":{"showFog":true,"showMaterialUpdate":false,"showSkybox":true,"showFlares":true,"showImageEffects":true,"showParticleSystems":true},"in2DMode":false,"pivot":{"x":72.26971435546875,"y":15.482780456542969,"z":111.44027709960938},"rotation":{"x":0.21612422168254853,"y":-0.39486274123191836,"z":0.09615473449230194,"w":0.8877803683280945},"size":74.49415588378906,"orthographic":false}